Distance_km,Weather,Traffic_Level,Time_of_Day,Vehicle_Type,Preparation_Time_min,Courier_Experience_yrs,Distance_Category,Is_Peak_Meal_Hour,Prep_Time_per_Km,Bike_Long_Distance,Severe_Conditions
18.05,Clear,Medium,Evening,Scooter,10,7.0,Long,1,0.55,0,0
2.14,Clear,High,Evening,Bike,18,3.0,Short,1,8.41,0,0
3.23,Clear,High,Afternoon,Bike,17,9.0,Short,0,5.26,0,0
7.51,Rainy,Low,Evening,Car,27,6.0,Medium,1,3.6,0,0
4.62,Rainy,Medium,Afternoon,Car,8,3.0,Short,0,1.73,0,0
11.08,Clear,Low,Evening,Scooter,28,2.0,Medium,1,2.53,0,0
4.14,Clear,Medium,Morning,Scooter,14,2.0,Short,0,3.38,0,0
4.65,Clear,Medium,Evening,Bike,21,1.0,Short,1,4.52,0,0
18.77,Snowy,Medium,Evening,Bike,24,0.0,Long,1,1.28,1,0
2.79,Clear,High,Morning,Bike,23,7.0,Short,0,8.24,0,0
10.4,Clear,Low,Evening,Bike,16,4.0,Medium,1,1.54,0,0
19.35,Clear,High,,Bike,12,7.0,Long,0,0.62,1,0
2.67,Clear,Medium,Night,Car,17,6.0,Short,0,6.37,0,0
2.48,Rainy,Low,Evening,Scooter,20,8.0,Short,1,8.06,0,0
4.88,Windy,Medium,Afternoon,Scooter,26,7.0,Short,0,5.33,0,0
2.03,Foggy,High,Evening,Car,14,4.0,Short,1,6.9,0,1
3.64,Clear,Low,Morning,Scooter,16,3.0,Short,0,4.4,0,0
9.58,Clear,High,Afternoon,Car,26,8.0,Medium,0,2.71,0,0
18.1,Clear,Low,Morning,Scooter,8,5.0,Long,0,0.44,0,0
18.8,Clear,High,Afternoon,Bike,23,7.0,Long,0,1.22,1,0
12.15,Clear,High,Morning,Car,12,6.0,Long,0,0.99,0,0
16.44,Windy,High,Afternoon,Car,8,0.0,Long,0,0.49,0,0
12.59,Clear,Low,Evening,Scooter,10,2.0,Long,1,0.79,0,0
7.57,Clear,Low,Morning,Bike,21,0.0,Medium,0,2.77,0,0
3.23,Rainy,Low,Morning,Car,25,7.0,Short,0,7.74,0,0
9.52,Foggy,Low,Night,Scooter,28,1.0,Medium,0,2.94,0,0
4.14,Foggy,Medium,Morning,Bike,21,0.0,Short,0,5.07,0,0
2.71,Clear,Low,Morning,Scooter,6,1.0,Short,0,2.21,0,0
12.83,Clear,Medium,Morning,Bike,19,2.0,Long,0,1.48,1,0
10.04,Rainy,High,Afternoon,Bike,12,9.0,Medium,0,1.2,0,1
7.15,Clear,High,Night,Car,29,7.0,Medium,0,4.06,0,0
4.37,Clear,Medium,Evening,Scooter,6,7.0,Short,1,1.37,0,0
15.53,Clear,Low,Morning,Bike,26,6.0,Long,0,1.67,1,0
11.06,Clear,High,Evening,Bike,6,9.0,Medium,1,0.54,0,0
19.73,Foggy,Medium,Evening,Bike,27,4.0,Long,1,1.37,1,0
19.45,Rainy,High,Morning,Scooter,20,6.0,Long,0,1.03,0,1
7.54,Snowy,Low,Afternoon,Bike,20,,Medium,0,2.65,0,0
11.1,Clear,Low,Afternoon,Bike,18,7.0,Medium,0,1.62,0,0
6.03,Rainy,High,Afternoon,Car,8,6.0,Medium,0,1.33,0,1
5.42,Clear,Low,Evening,Scooter,11,9.0,Medium,1,2.03,0,0
7.44,Rainy,Medium,Afternoon,Scooter,5,1.0,Medium,0,0.67,0,0
18.34,Clear,High,Night,Bike,9,4.0,Long,0,0.49,1,0
19.12,Windy,High,Evening,Car,8,0.0,Long,1,0.42,0,0
2.16,Clear,Medium,Night,Car,10,1.0,Short,0,4.63,0,0
1.4,Windy,Low,Evening,Bike,9,9.0,Short,1,6.43,0,0
18.99,Rainy,High,Afternoon,Bike,10,6.0,Long,0,0.53,1,1
1.2,Rainy,Low,Morning,Scooter,24,7.0,Short,0,20.0,0,0
9.08,Clear,Low,Afternoon,Scooter,14,5.0,Medium,0,1.54,0,0
3.55,Clear,Medium,Evening,Bike,23,0.0,Short,1,6.48,0,0
11.72,Rainy,Low,Evening,Bike,11,9.0,Medium,1,0.94,0,0
10.28,Clear,Medium,Evening,Scooter,29,3.0,Medium,1,2.82,0,0
17.53,Clear,Low,Afternoon,Bike,14,6.0,Long,0,0.8,1,0
1.38,Clear,Low,Morning,Scooter,13,9.0,Short,0,9.42,0,0
1.51,Clear,High,Evening,Bike,26,1.0,Short,1,17.22,0,0
10.9,Clear,High,Afternoon,Scooter,6,8.0,Medium,0,0.55,0,0
1.22,Clear,Medium,Evening,Scooter,6,,Short,1,4.92,0,0
6.2,Windy,High,Evening,Scooter,7,3.0,Medium,1,1.13,0,0
18.33,Foggy,Medium,Morning,Scooter,19,0.0,Long,0,1.04,0,0
3.42,Clear,Medium,Night,Car,11,9.0,Short,0,3.22,0,0
19.4,Clear,Low,Evening,Scooter,8,9.0,Long,1,0.41,0,0
9.24,Windy,,Afternoon,Bike,8,2.0,Medium,0,0.87,0,0
18.2,Windy,Medium,Morning,Bike,27,1.0,Long,0,1.48,1,0
17.8,Windy,High,Afternoon,Car,12,9.0,Long,0,0.67,0,0
14.08,Clear,High,Morning,Bike,28,6.0,Long,0,1.99,1,0
1.62,Windy,Low,Evening,Bike,9,8.0,Short,1,5.56,0,0
16.66,Snowy,High,Afternoon,Scooter,29,7.0,Long,0,1.74,0,1
17.87,Snowy,Low,Morning,Scooter,29,4.0,Long,0,1.62,0,0
13.09,Windy,Low,,Scooter,17,1.0,Long,0,1.3,0,0
12.77,Foggy,Low,Morning,Bike,22,8.0,Long,0,1.72,1,0
1.22,Foggy,High,Afternoon,Scooter,14,2.0,Short,0,11.48,0,1
14.46,Rainy,Medium,Morning,Scooter,11,9.0,Long,0,0.76,0,0
15.5,Clear,Medium,Morning,Scooter,28,9.0,Long,0,1.81,0,0
10.62,Windy,Medium,Afternoon,Car,22,5.0,Medium,0,2.07,0,0
6.95,Clear,Medium,Morning,Scooter,25,2.0,Medium,0,3.6,0,0
10.09,Clear,Medium,Evening,Bike,7,0.0,Medium,1,0.69,0,0
10.62,Foggy,Low,Evening,Scooter,29,1.0,Medium,1,2.73,0,0
0.78,Clear,Medium,Morning,Bike,6,1.0,Short,0,7.69,0,0
11.36,Clear,Medium,Morning,Scooter,8,2.0,Medium,0,0.7,0,0
3.25,Clear,Low,Morning,Bike,23,7.0,Short,0,7.08,0,0
16.98,Clear,Low,,Bike,11,6.0,Long,0,0.65,1,0
4.1,Clear,Medium,Evening,Car,18,3.0,Short,1,4.39,0,0
12.33,Clear,High,Night,Bike,7,2.0,Long,0,0.57,1,0
2.76,Windy,Medium,Morning,Scooter,8,5.0,Short,0,2.9,0,0
3.17,Clear,Medium,Evening,Scooter,17,6.0,Short,1,5.36,0,0
5.41,Clear,Medium,Night,Bike,14,5.0,Medium,0,2.59,0,0
18.01,Foggy,High,Night,Bike,14,2.0,Long,0,0.78,1,1
6.05,Clear,Medium,Morning,Car,24,0.0,Medium,0,3.97,0,0
10.73,Foggy,Low,Morning,Bike,6,6.0,Medium,0,0.56,0,0
10.31,Foggy,Medium,Morning,Scooter,19,5.0,Medium,0,1.84,0,0
3.54,Rainy,Medium,Afternoon,Scooter,17,4.0,Short,0,4.8,0,0
13.85,Clear,Low,Evening,Bike,29,5.0,Long,1,2.09,1,0
4.22,Clear,Medium,Morning,Bike,16,7.0,Short,0,3.79,0,0
8.04,Clear,Medium,Evening,Car,27,0.0,Medium,1,3.36,0,0
19.81,Clear,Low,Afternoon,Bike,27,1.0,Long,0,1.36,1,0
6.8,Clear,High,Evening,Bike,28,5.0,Medium,1,4.12,0,0
9.64,Clear,Low,Morning,Bike,10,5.0,Medium,0,1.04,0,0
14.07,Rainy,Low,Evening,Bike,10,5.0,Long,1,0.71,1,0
5.75,Windy,High,Morning,Scooter,7,4.0,Medium,0,1.22,0,0
17.39,Clear,Medium,Evening,Scooter,5,6.0,Long,1,0.29,0,0
15.05,Clear,Medium,Evening,Car,12,2.0,Long,1,0.8,0,0
16.3,Foggy,Low,Morning,Car,12,1.0,Long,0,0.74,0,0
7.67,Windy,Low,Morning,Car,9,2.0,Medium,0,1.17,0,0
19.41,Windy,Low,Morning,Bike,11,8.0,Long,0,0.57,1,0
12.74,Clear,Low,Night,Scooter,18,0.0,Long,0,1.41,0,0
11.62,Clear,Low,Afternoon,Bike,9,8.0,Medium,0,0.77,0,0
8.15,Rainy,Low,Afternoon,Bike,26,2.0,Medium,0,3.19,0,0
7.8,Clear,Low,Evening,Scooter,23,5.0,Medium,1,2.95,0,0
10.2,Rainy,Medium,Afternoon,Bike,18,9.0,Medium,0,1.76,0,0
4.64,Clear,Low,Afternoon,Bike,15,9.0,Short,0,3.23,0,0
14.66,Snowy,High,Morning,Car,5,6.0,Long,0,0.34,0,1
11.51,Foggy,Low,Afternoon,Car,5,7.0,Medium,0,0.43,0,0
15.23,Foggy,Low,Morning,Car,6,0.0,Long,0,0.39,0,0
6.18,Clear,Medium,Evening,Bike,9,9.0,Medium,1,1.46,0,0
12.39,Snowy,Medium,Evening,Bike,14,8.0,Long,1,1.13,1,0
3.48,Foggy,Low,Afternoon,Scooter,9,1.0,Short,0,2.59,0,0
10.95,Snowy,,Afternoon,Bike,9,1.0,Medium,0,0.82,0,0
8.72,Snowy,Medium,Evening,Car,18,7.0,Medium,1,2.06,0,0
4.5,Snowy,High,Evening,Bike,24,0.0,Short,1,5.33,0,1
3.65,Clear,Medium,Morning,Bike,29,9.0,Short,0,7.95,0,0
0.94,Clear,High,Morning,Bike,9,6.0,Short,0,9.57,0,0
6.8,Foggy,Medium,Morning,Scooter,13,7.0,Medium,0,1.91,0,0
7.0,Rainy,Medium,Evening,Bike,17,9.0,Medium,1,2.43,0,0
9.36,Rainy,High,Morning,Scooter,17,2.0,Medium,0,1.82,0,1
5.84,Clear,,Evening,Bike,21,7.0,Medium,1,3.6,0,0
18.83,Clear,Medium,Evening,Scooter,5,8.0,Long,1,0.27,0,0
18.62,Clear,Low,Evening,Scooter,27,6.0,Long,1,1.45,0,0
10.49,Rainy,Low,Morning,Bike,28,9.0,Medium,0,2.67,0,0
18.23,Rainy,Low,Afternoon,Scooter,27,9.0,Long,0,1.48,0,0
11.63,Clear,Medium,Night,Scooter,29,7.0,Medium,0,2.49,0,0
2.29,Rainy,High,Afternoon,Car,8,8.0,Short,0,3.49,0,1
10.64,Windy,Low,Evening,Car,11,9.0,Medium,1,1.03,0,0
16.35,Clear,Medium,Morning,Bike,16,0.0,Long,0,0.98,1,0
13.96,Rainy,Low,Night,Bike,5,1.0,Long,0,0.36,1,0
1.01,Clear,High,Night,Bike,17,7.0,Short,0,16.83,0,0
7.93,Windy,Low,Afternoon,Scooter,12,1.0,Medium,0,1.51,0,0
17.89,Windy,Low,,Bike,27,1.0,Long,0,1.51,1,0
10.3,Rainy,Low,Evening,Bike,29,0.0,Medium,1,2.82,0,0
18.44,Rainy,High,Morning,Bike,27,7.0,Long,0,1.46,1,1
12.1,Clear,High,Afternoon,Bike,11,0.0,Long,0,0.91,1,0
7.72,Rainy,Medium,Morning,Bike,11,,Medium,0,1.42,0,0
10.75,Rainy,Medium,Morning,Bike,8,6.0,Medium,0,0.74,0,0
16.22,Rainy,High,Evening,Bike,22,0.0,Long,1,1.36,1,1
6.15,Foggy,Low,Evening,Scooter,26,5.0,Medium,1,4.23,0,0
12.6,Windy,Medium,Afternoon,Car,8,6.0,Long,0,0.63,0,0
3.0,Clear,Low,Morning,Scooter,29,1.0,Short,0,9.67,0,0
8.92,Windy,,Morning,Bike,25,4.0,Medium,0,2.8,0,0
5.23,Clear,Medium,Morning,Scooter,19,4.0,Medium,0,3.63,0,0
2.14,Clear,Low,Afternoon,Bike,25,1.0,Short,0,11.68,0,0
12.76,Windy,High,Morning,Scooter,27,,Long,0,2.12,0,0
6.76,Foggy,Medium,Night,Bike,7,6.0,Medium,0,1.04,0,0
3.88,Clear,Medium,Morning,Bike,16,2.0,Short,0,4.12,0,0
16.92,Clear,Low,Morning,Scooter,29,0.0,Long,0,1.71,0,0
8.01,Clear,High,Morning,Bike,8,6.0,Medium,0,1.0,0,0
13.6,Clear,Medium,Afternoon,Bike,27,0.0,Long,0,1.99,1,0
18.68,Snowy,Low,Afternoon,Bike,11,8.0,Long,0,0.59,1,0
12.11,Rainy,Low,Morning,Bike,9,5.0,Long,0,0.74,1,0
12.32,Clear,Medium,Evening,Scooter,17,4.0,Long,1,1.38,0,0
2.47,Rainy,Low,Afternoon,Car,22,6.0,Short,0,8.91,0,0
3.88,Foggy,Low,Evening,Car,27,9.0,Short,1,6.96,0,0
8.25,Clear,Medium,Afternoon,Bike,7,9.0,Medium,0,0.85,0,0
18.13,Rainy,High,Evening,Bike,21,2.0,Long,1,1.16,1,1
11.21,Clear,High,Afternoon,Scooter,23,1.0,Medium,0,2.05,0,0
18.48,Clear,Medium,Night,Bike,8,0.0,Long,0,0.43,1,0
5.18,Clear,Medium,Afternoon,Car,9,2.0,Medium,0,1.74,0,0
11.41,Windy,Medium,Afternoon,Scooter,17,4.0,Medium,0,1.49,0,0
4.04,Snowy,Low,Night,Bike,11,9.0,Short,0,2.72,0,0
15.89,Snowy,Medium,Afternoon,Car,15,9.0,Long,0,0.94,0,0
15.71,Clear,Low,Afternoon,Scooter,28,5.0,Long,0,1.78,0,0
16.09,Snowy,Low,Morning,Car,13,6.0,Long,0,0.81,0,0
12.83,Clear,Low,Evening,Bike,5,8.0,Long,1,0.39,1,0
9.06,Clear,Medium,Evening,Bike,23,4.0,Medium,1,2.54,0,0
19.03,Clear,Medium,Morning,Scooter,8,8.0,Long,0,0.42,0,0
5.55,Foggy,High,Evening,Bike,18,1.0,Medium,1,3.24,0,1
16.47,Snowy,High,Evening,Scooter,20,9.0,Long,1,1.21,0,1
9.52,Clear,Low,,Bike,12,1.0,Medium,0,1.26,0,0
6.78,Foggy,Low,Night,Bike,18,6.0,Medium,0,2.65,0,0
9.49,Rainy,Medium,Morning,Car,23,6.0,Medium,0,2.42,0,0
6.38,Snowy,Low,Evening,Bike,16,1.0,Medium,1,2.51,0,0
0.59,Clear,Low,Afternoon,Bike,21,0.0,Short,0,35.59,0,0
14.58,Clear,Low,Evening,Bike,23,0.0,Long,1,1.58,1,0
18.06,Clear,Medium,Night,Bike,9,8.0,Long,0,0.5,1,0
11.26,Clear,Low,Night,Bike,5,6.0,Medium,0,0.44,0,0
8.98,Clear,Medium,Afternoon,Scooter,22,8.0,Medium,0,2.45,0,0
19.0,Clear,High,Morning,Car,28,3.0,Long,0,1.47,0,0
19.53,Foggy,Low,Afternoon,Bike,11,6.0,Long,0,0.56,1,0
19.02,Rainy,High,Evening,Scooter,22,1.0,Long,1,1.16,0,1
16.43,Clear,Low,Evening,Bike,13,5.0,Long,1,0.79,1,0
14.94,Clear,Medium,Morning,Bike,11,0.0,Long,0,0.74,1,0
17.97,Windy,Medium,Morning,Scooter,28,7.0,Long,0,1.56,0,0
6.73,Clear,Medium,Afternoon,Bike,21,1.0,Medium,0,3.12,0,0
14.21,Clear,Medium,Evening,Bike,24,,Long,1,1.69,1,0
10.69,Clear,Medium,Night,Bike,25,9.0,Medium,0,2.34,0,0
1.27,Foggy,High,Afternoon,Bike,25,9.0,Short,0,19.68,0,1
1.3,Clear,Medium,Evening,Bike,22,4.0,Short,1,16.92,0,0
13.84,Clear,Low,Morning,Scooter,18,,Long,0,1.3,0,0
5.9,Rainy,Low,Evening,Car,26,9.0,Medium,1,4.41,0,0
2.74,Clear,High,Afternoon,Bike,18,9.0,Short,0,6.57,0,0
13.44,Clear,Low,Night,Bike,29,0.0,Long,0,2.16,1,0
7.04,Clear,Low,Afternoon,Bike,11,8.0,Medium,0,1.56,0,0
15.62,Snowy,High,Evening,Scooter,26,2.0,Long,1,1.66,0,1
11.2,Clear,Medium,Morning,Bike,23,,Medium,0,2.05,0,0
6.91,Clear,Low,Evening,Bike,27,8.0,Medium,1,3.91,0,0
19.73,Rainy,Low,Evening,Bike,8,8.0,Long,1,0.41,1,0
1.95,Clear,Low,Morning,Scooter,16,2.0,Short,0,8.21,0,0
14.7,Clear,Medium,Evening,Scooter,24,5.0,Long,1,1.63,0,0
17.19,Clear,Medium,Afternoon,Bike,11,8.0,Long,0,0.64,1,0
19.24,Snowy,Low,,Bike,26,1.0,Long,0,1.35,1,0
13.06,Rainy,High,Morning,Bike,17,8.0,Long,0,1.3,1,1
4.83,Rainy,Low,Morning,Car,25,9.0,Short,0,5.18,0,0
17.61,Clear,Medium,Morning,Scooter,19,3.0,Long,0,1.08,0,0
2.33,,Low,Morning,Car,6,1.0,Short,0,2.58,0,0
0.68,Snowy,High,Evening,Bike,29,8.0,Short,1,42.65,0,1
10.48,Rainy,Low,Afternoon,Car,10,7.0,Medium,0,0.95,0,0
11.92,Clear,Low,Afternoon,Scooter,14,4.0,Medium,0,1.17,0,0
10.7,Clear,High,Afternoon,Car,8,4.0,Medium,0,0.75,0,0
7.85,Clear,Low,Afternoon,Scooter,7,9.0,Medium,0,0.89,0,0
5.35,Clear,Medium,Afternoon,Scooter,24,6.0,Medium,0,4.49,0,0
10.29,Foggy,Medium,Evening,Scooter,25,4.0,Medium,1,2.43,0,0
1.97,Clear,High,Morning,Car,28,7.0,Short,0,14.21,0,0
13.97,Snowy,Low,Evening,Scooter,14,8.0,Long,1,1.0,0,0
6.58,Foggy,Low,Evening,Car,6,7.0,Medium,1,0.91,0,0
16.44,Rainy,High,Afternoon,Bike,12,,Long,0,0.73,1,1
17.24,Clear,Low,Evening,Bike,17,5.0,Long,1,0.99,1,0
9.73,Clear,Low,Afternoon,Bike,29,6.0,Medium,0,2.98,0,0
0.72,Rainy,Medium,Afternoon,Scooter,9,2.0,Short,0,12.5,0,0
12.85,Rainy,Medium,Afternoon,Scooter,23,0.0,Long,0,1.79,0,0
16.14,Clear,Low,Night,Car,6,9.0,Long,0,0.37,0,0
12.16,Windy,High,Evening,Scooter,11,0.0,Long,1,0.9,0,0
16.53,Snowy,Low,Afternoon,Scooter,24,9.0,Long,0,1.45,0,0
4.55,Rainy,Low,Afternoon,Bike,5,6.0,Short,0,1.1,0,0
19.32,Rainy,High,Morning,Car,21,7.0,Long,0,1.09,0,1
10.14,Clear,Medium,Morning,Scooter,20,1.0,Medium,0,1.97,0,0
1.23,Clear,Low,Evening,Bike,18,6.0,Short,1,14.63,0,0
3.98,Clear,High,Night,Car,19,3.0,Short,0,4.77,0,0
12.65,Clear,Low,Evening,Bike,15,4.0,Long,1,1.19,1,0
10.89,Clear,High,Night,Bike,12,5.0,Medium,0,1.1,0,0
0.95,Rainy,Medium,Morning,Car,27,0.0,Short,0,28.42,0,0
15.14,Windy,Medium,Morning,Bike,15,4.0,Long,0,0.99,1,0
5.91,Clear,Medium,Evening,Scooter,29,4.0,Medium,1,4.91,0,0
11.36,Foggy,Low,Afternoon,Bike,6,4.0,Medium,0,0.53,0,0
4.1,Clear,Low,Morning,Bike,21,3.0,Short,0,5.12,0,0
11.88,Rainy,High,Afternoon,Car,29,9.0,Medium,0,2.44,0,1
7.97,Windy,Medium,Evening,Scooter,9,8.0,Medium,1,1.13,0,0
16.37,Clear,High,Morning,Bike,26,7.0,Long,0,1.59,1,0
16.68,,Medium,Afternoon,Bike,9,9.0,Long,0,0.54,1,0
2.71,Clear,Medium,Morning,Car,6,5.0,Short,0,2.21,0,0
2.92,Windy,High,Afternoon,Bike,24,4.0,Short,0,8.22,0,0
3.81,Rainy,High,Afternoon,Bike,5,6.0,Short,0,1.31,0,1
19.47,Clear,Low,Morning,Bike,16,8.0,Long,0,0.82,1,0
2.06,Foggy,Medium,Evening,Scooter,22,4.0,Short,1,10.68,0,0
0.71,Foggy,Low,Night,Bike,29,1.0,Short,0,40.84,0,0
12.09,Clear,Medium,Morning,Car,13,1.0,Long,0,1.08,0,0
4.96,Rainy,Low,Afternoon,Car,10,7.0,Short,0,2.02,0,0
2.19,Clear,Low,Evening,Bike,26,3.0,Short,1,11.87,0,0
6.56,Windy,Medium,,Bike,14,1.0,Medium,0,2.13,0,0
13.35,Rainy,Low,Evening,Scooter,14,4.0,Long,1,1.05,0,0
6.85,Clear,High,Morning,Bike,16,5.0,Medium,0,2.34,0,0
15.17,Windy,Low,Morning,Bike,25,4.0,Long,0,1.65,1,0
18.04,Clear,Medium,Morning,Bike,8,5.0,Long,0,0.44,1,0
11.08,Windy,High,Afternoon,Bike,16,6.0,Medium,0,1.44,0,0
16.54,Rainy,Low,Afternoon,Scooter,6,7.0,Long,0,0.36,0,0
12.03,Clear,Medium,,Car,20,5.0,Long,0,1.66,0,0
7.29,Clear,High,Evening,Car,11,7.0,Medium,1,1.51,0,0
14.23,Clear,Medium,Afternoon,Scooter,23,7.0,Long,0,1.62,0,0
13.37,Windy,High,Afternoon,Scooter,17,8.0,Long,0,1.27,0,0
9.22,Clear,Medium,Afternoon,Car,18,9.0,Medium,0,1.95,0,0
14.73,Rainy,Low,Afternoon,Bike,24,6.0,Long,0,1.63,1,0
3.25,Rainy,,Evening,Scooter,29,0.0,Short,1,8.92,0,0
17.12,Rainy,Low,Morning,Bike,26,3.0,Long,0,1.52,1,0
6.06,Foggy,Low,Afternoon,Scooter,10,8.0,Medium,0,1.65,0,0
16.54,Rainy,Medium,Afternoon,Bike,25,7.0,Long,0,1.51,1,0
19.41,Clear,Low,Morning,Car,7,3.0,Long,0,0.36,0,0
7.34,Foggy,Medium,Afternoon,Bike,22,5.0,Medium,0,3.0,0,0
12.43,Snowy,Low,Afternoon,Car,12,0.0,Long,0,0.97,0,0
6.79,Rainy,Low,Evening,Scooter,16,1.0,Medium,1,2.36,0,0
14.39,Rainy,Medium,Morning,Scooter,6,,Long,0,0.42,0,0
19.33,Clear,Medium,Morning,Bike,7,8.0,Long,0,0.36,1,0
19.1,Snowy,Low,Afternoon,Bike,18,1.0,Long,0,0.94,1,0
6.13,Rainy,High,,Bike,25,6.0,Medium,0,4.08,0,1
3.22,Windy,High,Morning,Car,7,7.0,Short,0,2.17,0,0
10.86,Windy,Medium,,Car,10,4.0,Medium,0,0.92,0,0
8.32,Rainy,Low,Afternoon,Car,12,2.0,Medium,0,1.44,0,0
15.54,Clear,Low,Night,Bike,29,1.0,Long,0,1.87,1,0
17.96,Clear,,Evening,Scooter,26,0.0,Long,1,1.45,0,0
11.78,Clear,Low,Afternoon,Scooter,26,3.0,Medium,0,2.21,0,0
1.11,Clear,Low,Morning,Bike,5,6.0,Short,0,4.5,0,0
0.99,,Medium,Evening,Bike,15,,Short,1,15.15,0,0
7.08,Clear,Medium,Afternoon,Scooter,5,8.0,Medium,0,0.71,0,0
4.15,,Medium,Morning,Car,17,8.0,Short,0,4.1,0,0
6.22,Clear,Low,Afternoon,Bike,16,9.0,Medium,0,2.57,0,0
5.98,Clear,Low,Evening,Car,22,9.0,Medium,1,3.68,0,0
3.95,Clear,Medium,Morning,Car,28,5.0,Short,0,7.09,0,0
14.2,Clear,Medium,Afternoon,Bike,17,1.0,Long,0,1.2,1,0
16.7,Clear,Medium,Afternoon,Scooter,28,1.0,Long,0,1.68,0,0
1.74,Foggy,High,Afternoon,Scooter,8,9.0,Short,0,4.6,0,1
11.74,Clear,High,Evening,Car,6,3.0,Medium,1,0.51,0,0
7.48,Clear,Medium,Morning,Car,21,4.0,Medium,0,2.81,0,0
3.83,Rainy,Low,Evening,Car,27,3.0,Short,1,7.05,0,0
13.74,Foggy,Medium,Afternoon,Bike,6,1.0,Long,0,0.44,1,0
6.0,Rainy,Medium,Evening,Scooter,21,2.0,Medium,1,3.5,0,0
13.1,Clear,Low,Evening,Bike,28,2.0,Long,1,2.14,1,0
2.39,Rainy,Medium,Evening,Bike,27,7.0,Short,1,11.3,0,0
2.23,Snowy,Medium,Evening,Car,14,0.0,Short,1,6.28,0,0
17.01,Snowy,Low,Night,Bike,28,6.0,Long,0,1.65,1,0
12.85,Rainy,Medium,Evening,Scooter,6,7.0,Long,1,0.47,0,0
10.79,Clear,Medium,Evening,Scooter,24,1.0,Medium,1,2.22,0,0
18.55,Clear,Low,Afternoon,Car,11,9.0,Long,0,0.59,0,0
4.31,Rainy,Medium,Afternoon,Bike,9,2.0,Short,0,2.09,0,0
19.86,Rainy,High,Evening,Bike,12,8.0,Long,1,0.6,1,1
1.0,Snowy,Medium,Morning,Bike,28,0.0,Short,0,28.0,0,0
6.24,,Medium,Evening,Bike,15,3.0,Medium,1,2.4,0,0
3.7,Clear,Medium,Morning,Bike,28,7.0,Short,0,7.57,0,0
8.47,Rainy,Low,Afternoon,Scooter,19,0.0,Medium,0,2.24,0,0
2.17,Snowy,Low,Evening,Car,15,3.0,Short,1,6.91,0,0
14.58,Clear,Low,Afternoon,Bike,13,,Long,0,0.89,1,0
19.74,Clear,,Afternoon,Car,16,1.0,Long,0,0.81,0,0
5.61,Windy,Low,Night,Bike,25,9.0,Medium,0,4.46,0,0
8.26,Clear,Low,,Car,21,4.0,Medium,0,2.54,0,0
2.6,Clear,Low,Afternoon,Bike,16,1.0,Short,0,6.15,0,0
0.86,Clear,High,Afternoon,Bike,26,5.0,Short,0,30.23,0,0
1.51,Clear,High,Afternoon,Bike,14,2.0,Short,0,9.27,0,0
15.51,Rainy,Medium,Morning,Scooter,10,8.0,Long,0,0.64,0,0
6.09,Clear,Medium,Night,Bike,7,4.0,Medium,0,1.15,0,0
11.3,Snowy,Medium,Afternoon,Bike,15,8.0,Medium,0,1.33,0,0
8.07,Windy,Low,Evening,Bike,21,4.0,Medium,1,2.6,0,0
17.88,Clear,Medium,Evening,Bike,29,3.0,Long,1,1.62,1,0
15.06,Rainy,Low,Morning,Bike,22,4.0,Long,0,1.46,1,0
1.06,,Low,Afternoon,Scooter,19,6.0,Short,0,17.92,0,0
3.92,Rainy,Medium,Night,Bike,20,9.0,Short,0,5.1,0,0
13.17,Rainy,High,Evening,Scooter,17,8.0,Long,1,1.29,0,1
6.58,Clear,Low,Afternoon,Bike,13,1.0,Medium,0,1.98,0,0
15.56,Clear,Medium,Evening,Bike,14,3.0,Long,1,0.9,1,0
15.12,Foggy,Low,Morning,Bike,14,1.0,Long,0,0.93,1,0
13.99,Clear,High,Evening,Scooter,7,3.0,Long,1,0.5,0,0
8.77,Clear,Medium,Morning,Car,12,2.0,Medium,0,1.37,0,0
14.19,Clear,Medium,Afternoon,Bike,9,1.0,Long,0,0.63,1,0
2.78,,High,Afternoon,Scooter,9,0.0,Short,0,3.24,0,0
12.02,Clear,Low,Morning,Car,9,7.0,Long,0,0.75,0,0
8.85,Clear,Low,Afternoon,Bike,11,9.0,Medium,0,1.24,0,0
10.88,Snowy,Low,Afternoon,Car,13,3.0,Medium,0,1.19,0,0
13.2,Snowy,Low,Morning,Car,14,3.0,Long,0,1.06,0,0
17.9,Clear,Low,Morning,Bike,23,,Long,0,1.28,1,0
10.3,Clear,Low,Evening,Scooter,19,8.0,Medium,1,1.84,0,0
5.33,Clear,Low,Evening,Car,29,1.0,Medium,1,5.44,0,0
10.18,Foggy,Medium,Morning,Bike,25,3.0,Medium,0,2.46,0,0
1.57,Rainy,Low,Evening,Car,16,1.0,Short,1,10.19,0,0
1.29,Rainy,Low,Evening,Bike,7,7.0,Short,1,5.43,0,0
11.44,Foggy,High,Afternoon,Car,14,4.0,Medium,0,1.22,0,1
14.88,Snowy,Medium,Evening,Bike,10,0.0,Long,1,0.67,1,0
6.91,Clear,Medium,Evening,Scooter,28,9.0,Medium,1,4.05,0,0
5.53,Clear,Medium,Afternoon,Bike,19,1.0,Medium,0,3.44,0,0
9.71,Clear,Low,Morning,Bike,8,1.0,Medium,0,0.82,0,0
13.47,Rainy,Low,Afternoon,Scooter,7,6.0,Long,0,0.52,0,0
0.9,Clear,Low,Afternoon,Bike,20,8.0,Short,0,22.22,0,0
8.5,Snowy,High,Evening,Bike,14,7.0,Medium,1,1.65,0,1
5.36,Clear,Low,Afternoon,Scooter,11,4.0,Medium,0,2.05,0,0
4.59,Foggy,Low,Evening,Scooter,19,8.0,Short,1,4.14,0,0
17.96,Clear,Medium,,Bike,22,2.0,Long,0,1.22,1,0
8.79,Snowy,Low,Night,Bike,14,6.0,Medium,0,1.59,0,0
11.74,Clear,Low,Afternoon,Car,20,1.0,Medium,0,1.7,0,0
18.15,Rainy,High,Morning,Bike,22,7.0,Long,0,1.21,1,1
6.63,Foggy,Low,Night,Scooter,24,3.0,Medium,0,3.62,0,0
3.54,Foggy,Low,,Bike,23,7.0,Short,0,6.5,0,0
5.14,Clear,Medium,Evening,Scooter,23,7.0,Medium,1,4.47,0,0
14.09,Clear,Medium,Afternoon,Scooter,12,3.0,Long,0,0.85,0,0
15.04,Clear,Low,Morning,Car,24,5.0,Long,0,1.6,0,0
17.95,Snowy,High,Morning,Scooter,16,,Long,0,0.89,0,1
14.54,Clear,Medium,Evening,Bike,29,2.0,Long,1,1.99,1,0
6.74,Rainy,Medium,Evening,Car,21,9.0,Medium,1,3.12,0,0
19.27,Foggy,Medium,Morning,Car,29,9.0,Long,0,1.5,0,0
14.43,Clear,Medium,Morning,Car,14,4.0,Long,0,0.97,0,0
0.97,Clear,Low,Night,Scooter,24,8.0,Short,0,24.74,0,0
18.33,Snowy,Medium,Morning,Scooter,5,5.0,Long,0,0.27,0,0
10.52,Rainy,Medium,Afternoon,Scooter,8,4.0,Medium,0,0.76,0,0
19.74,,Low,,Car,21,7.0,Long,0,1.06,0,0
14.41,Rainy,,Night,Bike,16,6.0,Long,0,1.11,1,0
4.03,Clear,Medium,Evening,Bike,9,5.0,Short,1,2.23,0,0
2.28,Foggy,Medium,Morning,Scooter,27,6.0,Short,0,11.84,0,0
3.17,Clear,Low,Afternoon,Bike,17,1.0,Short,0,5.36,0,0
8.66,Snowy,High,Morning,Bike,29,3.0,Medium,0,3.35,0,1
2.76,Windy,Medium,Night,Bike,6,2.0,Short,0,2.17,0,0
5.38,Clear,Medium,Evening,Scooter,26,1.0,Medium,1,4.83,0,0
16.26,Rainy,Low,Morning,Car,27,5.0,Long,0,1.66,0,0
3.67,Clear,Low,,Bike,9,0.0,Short,0,2.45,0,0
16.85,Clear,High,Morning,Car,17,4.0,Long,0,1.01,0,0
9.75,Clear,Low,Afternoon,Bike,22,7.0,Medium,0,2.26,0,0
14.72,Clear,,Evening,Scooter,15,8.0,Long,1,1.02,0,0
7.9,Clear,Low,Afternoon,Scooter,22,,Medium,0,2.78,0,0
1.02,Clear,Medium,Afternoon,Bike,25,4.0,Short,0,24.51,0,0
11.14,Rainy,Medium,Morning,Scooter,7,3.0,Medium,0,0.63,0,0
2.0,Clear,High,Evening,Scooter,10,2.0,Short,1,5.0,0,0
7.75,,Medium,Evening,Scooter,21,1.0,Medium,1,2.71,0,0
10.42,Windy,Medium,Afternoon,Bike,28,3.0,Medium,0,2.69,0,0
14.79,Clear,Medium,Morning,Scooter,12,9.0,Long,0,0.81,0,0
17.86,Clear,Low,Afternoon,Scooter,16,8.0,Long,0,0.9,0,0
11.31,Clear,Medium,Evening,Bike,7,0.0,Medium,1,0.62,0,0
2.13,Rainy,Low,Morning,Scooter,9,2.0,Short,0,4.23,0,0
13.37,Foggy,Medium,Evening,Scooter,16,9.0,Long,1,1.2,0,0
14.52,Clear,Medium,Afternoon,Car,26,5.0,Long,0,1.79,0,0
8.48,Clear,High,Night,Bike,11,5.0,Medium,0,1.3,0,0
2.53,Snowy,Low,Morning,Bike,6,8.0,Short,0,2.37,0,0
18.97,Clear,Low,Evening,Car,25,4.0,Long,1,1.32,0,0
11.04,Clear,Medium,Afternoon,Scooter,8,2.0,Medium,0,0.72,0,0
5.96,Clear,Low,Afternoon,Bike,26,6.0,Medium,0,4.36,0,0
11.54,Clear,High,Afternoon,Car,10,0.0,Medium,0,0.87,0,0
17.1,Clear,Medium,Evening,Bike,25,5.0,Long,1,1.46,1,0
17.54,Clear,,Morning,Car,16,8.0,Long,0,0.91,0,0
12.56,Clear,High,Evening,Bike,17,5.0,Long,1,1.35,1,0
12.14,Foggy,High,Afternoon,Bike,12,0.0,Long,0,0.99,1,1
2.32,Clear,Low,Afternoon,Scooter,23,1.0,Short,0,9.91,0,0
9.54,Rainy,Medium,Evening,Scooter,11,5.0,Medium,1,1.15,0,0
2.15,Windy,Medium,Afternoon,Car,17,6.0,Short,0,7.91,0,0
11.88,Rainy,Medium,Evening,Bike,20,8.0,Medium,1,1.68,0,0
7.8,Windy,Medium,Afternoon,Car,17,6.0,Medium,0,2.18,0,0
16.02,Clear,Low,Evening,Bike,20,7.0,Long,1,1.25,1,0
6.44,Clear,Low,Afternoon,Car,18,2.0,Medium,0,2.8,0,0
19.74,Rainy,High,Afternoon,Scooter,11,7.0,Long,0,0.56,0,1
3.18,Rainy,Medium,Evening,Bike,21,3.0,Short,1,6.6,0,0
2.34,Foggy,Medium,Morning,Bike,8,2.0,Short,0,3.42,0,0
13.17,Windy,Medium,Afternoon,Bike,16,4.0,Long,0,1.21,1,0
1.94,Foggy,Low,Night,Bike,10,1.0,Short,0,5.15,0,0
11.83,Clear,Low,Evening,Scooter,9,7.0,Medium,1,0.76,0,0
13.0,Foggy,Low,Evening,Bike,25,7.0,Long,1,1.92,1,0
10.7,Clear,Medium,Afternoon,Scooter,8,5.0,Medium,0,0.75,0,0
17.86,Rainy,Low,Afternoon,Bike,5,1.0,Long,0,0.28,1,0
9.29,Clear,Medium,Evening,Bike,10,9.0,Medium,1,1.08,0,0
2.09,Rainy,Low,Night,Bike,23,2.0,Short,0,11.0,0,0
18.0,Rainy,High,Night,Car,22,,Long,0,1.22,0,1
0.76,Clear,Low,Afternoon,Car,26,9.0,Short,0,34.21,0,0
17.93,Clear,Medium,Afternoon,Bike,29,4.0,Long,0,1.62,1,0
11.65,Windy,Low,Night,Bike,10,3.0,Medium,0,0.86,0,0
16.09,Rainy,Low,Morning,Bike,21,8.0,Long,0,1.31,1,0
1.09,Clear,Medium,Morning,Scooter,6,2.0,Short,0,5.5,0,0
10.32,Clear,Medium,Night,Car,24,5.0,Medium,0,2.33,0,0
2.93,Clear,Medium,Morning,Bike,24,8.0,Short,0,8.19,0,0
14.77,,High,Morning,Scooter,11,6.0,Long,0,0.74,0,0
12.91,Windy,Medium,Evening,Bike,11,6.0,Long,1,0.85,1,0
5.41,Clear,High,Morning,Scooter,17,6.0,Medium,0,3.14,0,0
4.32,Clear,Low,Morning,Bike,21,9.0,Short,0,4.86,0,0
3.16,Snowy,Low,Morning,Car,9,,Short,0,2.85,0,0
2.26,Clear,Medium,Morning,Scooter,6,3.0,Short,0,2.65,0,0
17.07,Clear,Medium,Morning,Bike,20,6.0,Long,0,1.17,1,0
12.85,Windy,Medium,Afternoon,Scooter,18,7.0,Long,0,1.4,0,0
3.22,Clear,Medium,Afternoon,Bike,19,9.0,Short,0,5.9,0,0
1.63,Rainy,Medium,Night,Bike,24,5.0,Short,0,14.72,0,0
9.64,Rainy,Medium,Evening,Bike,14,6.0,Medium,1,1.45,0,0
2.82,Rainy,Medium,Evening,Scooter,10,1.0,Short,1,3.55,0,0
1.77,Clear,Medium,Evening,Bike,14,9.0,Short,1,7.91,0,0
13.23,Clear,Medium,Night,Bike,20,8.0,Long,0,1.51,1,0
16.92,Clear,Low,Night,Bike,23,5.0,Long,0,1.36,1,0
4.87,Snowy,High,Evening,Bike,16,7.0,Short,1,3.29,0,1
18.89,Rainy,Medium,Morning,Scooter,22,1.0,Long,0,1.16,0,0
8.55,Clear,Low,Evening,Scooter,28,8.0,Medium,1,3.27,0,0
5.73,Foggy,Low,Morning,Scooter,7,2.0,Medium,0,1.22,0,0
16.07,Clear,Medium,Evening,Bike,16,5.0,Long,1,1.0,1,0
8.87,Clear,Low,Evening,Bike,19,3.0,Medium,1,2.14,0,0
7.69,Rainy,High,Morning,Scooter,16,3.0,Medium,0,2.08,0,1
7.67,Foggy,Medium,Afternoon,Scooter,22,8.0,Medium,0,2.87,0,0
10.22,Snowy,Medium,Night,Bike,18,1.0,Medium,0,1.76,0,0
7.06,Clear,Low,Afternoon,Scooter,26,5.0,Medium,0,3.68,0,0
1.5,Clear,Low,Afternoon,Bike,10,1.0,Short,0,6.67,0,0
1.42,Clear,High,Afternoon,Scooter,24,2.0,Short,0,16.9,0,0
10.89,Windy,Medium,Evening,Bike,7,0.0,Medium,1,0.64,0,0
14.65,Snowy,High,Morning,Car,19,3.0,Long,0,1.3,0,1
8.26,Snowy,Low,Afternoon,Bike,15,1.0,Medium,0,1.82,0,0
12.55,Windy,Low,Evening,Bike,13,8.0,Long,1,1.04,1,0
6.68,Clear,High,Morning,Scooter,10,5.0,Medium,0,1.5,0,0
18.76,Clear,Medium,Evening,Car,15,2.0,Long,1,0.8,0,0
18.63,Windy,Low,Afternoon,Bike,11,5.0,Long,0,0.59,1,0
15.19,Foggy,Low,Evening,Scooter,6,4.0,Long,1,0.39,0,0
12.56,Clear,Low,Morning,Car,22,8.0,Long,0,1.75,0,0
5.32,Rainy,Low,Afternoon,Scooter,27,2.0,Medium,0,5.08,0,0
15.08,Rainy,Medium,Evening,Scooter,26,1.0,Long,1,1.72,0,0
14.03,Clear,Low,Afternoon,Bike,17,2.0,Long,0,1.21,1,0
2.98,Foggy,,Night,Bike,11,2.0,Short,0,3.69,0,0
10.1,Rainy,Low,Evening,Car,8,4.0,Medium,1,0.79,0,0
5.13,Foggy,Medium,Evening,Car,25,1.0,Medium,1,4.87,0,0
19.99,Rainy,High,Evening,Bike,17,1.0,Long,1,0.85,1,1
7.02,Clear,Medium,Evening,Car,23,2.0,Medium,1,3.28,0,0
15.39,Clear,Medium,Evening,Scooter,24,5.0,Long,1,1.56,0,0
12.85,Clear,Low,Afternoon,Scooter,5,,Long,0,0.39,0,0
1.0,Snowy,Medium,Morning,Bike,25,4.0,Short,0,25.0,0,0
11.75,Clear,High,Morning,Bike,9,2.0,Medium,0,0.77,0,0
1.78,Snowy,Low,Evening,Car,20,6.0,Short,1,11.24,0,0
14.7,Clear,Medium,Morning,Scooter,6,2.0,Long,0,0.41,0,0
5.96,Clear,Medium,Afternoon,Bike,22,7.0,Medium,0,3.69,0,0
15.64,Rainy,Low,,Bike,20,4.0,Long,0,1.28,1,0
4.5,Windy,Low,Evening,Scooter,20,6.0,Short,1,4.44,0,0
13.53,Rainy,Low,Evening,Bike,28,8.0,Long,1,2.07,1,0
2.28,Clear,Medium,Evening,Scooter,27,9.0,Short,1,11.84,0,0
9.0,Snowy,Medium,Afternoon,Car,29,3.0,Medium,0,3.22,0,0
4.94,Rainy,High,Evening,Scooter,28,4.0,Short,1,5.67,0,1
0.82,Windy,Low,Morning,Car,18,9.0,Short,0,21.95,0,0
19.7,Rainy,Low,Evening,Car,16,6.0,Long,1,0.81,0,0
14.75,Clear,Low,Morning,Car,10,7.0,Long,0,0.68,0,0
8.84,Clear,,Morning,Bike,26,0.0,Medium,0,2.94,0,0
7.15,Windy,Low,Morning,Bike,15,3.0,Medium,0,2.1,0,0
7.34,Rainy,Low,Evening,Bike,22,8.0,Medium,1,3.0,0,0
8.28,Snowy,Low,Evening,Car,29,7.0,Medium,1,3.5,0,0
6.89,Rainy,Medium,Afternoon,Bike,11,6.0,Medium,0,1.6,0,0
1.34,Foggy,High,Evening,Bike,9,5.0,Short,1,6.72,0,1
18.86,Snowy,Medium,Night,Bike,18,1.0,Long,0,0.95,1,0
14.22,Rainy,,Evening,Car,25,8.0,Long,1,1.76,0,0
16.17,Clear,Medium,Evening,Car,10,2.0,Long,1,0.62,0,0
11.93,Snowy,High,Morning,Car,7,1.0,Medium,0,0.59,0,1
4.14,Rainy,Low,Morning,Bike,23,2.0,Short,0,5.56,0,0
0.8,Snowy,High,Evening,Bike,14,9.0,Short,1,17.5,0,1
19.7,Rainy,Low,Evening,Bike,10,2.0,Long,1,0.51,1,0
3.74,Rainy,Low,Morning,Bike,19,6.0,Short,0,5.08,0,0
12.51,Clear,Medium,Evening,Bike,18,5.0,Long,1,1.44,1,0
10.35,Clear,Medium,Night,Bike,7,9.0,Medium,0,0.68,0,0
5.56,Clear,Low,Afternoon,Scooter,19,5.0,Medium,0,3.42,0,0
2.83,Windy,Medium,Afternoon,Scooter,14,6.0,Short,0,4.95,0,0
12.26,Clear,Low,Afternoon,Bike,20,2.0,Long,0,1.63,1,0
18.26,Rainy,High,Night,Scooter,28,7.0,Long,0,1.53,0,1
13.03,Foggy,Low,Morning,Scooter,9,1.0,Long,0,0.69,0,0
12.49,Clear,Medium,Morning,Bike,25,4.0,Long,0,2.0,1,0
13.02,Snowy,High,Afternoon,Car,6,9.0,Long,0,0.46,0,1
1.69,Windy,,Afternoon,Car,11,7.0,Short,0,6.51,0,0
7.09,Snowy,Low,Morning,Scooter,13,8.0,Medium,0,1.83,0,0
12.46,Foggy,Low,Afternoon,Bike,10,1.0,Long,0,0.8,1,0
0.6,Clear,Low,Afternoon,Bike,26,3.0,Short,0,43.33,0,0
4.52,,Low,Evening,Car,17,0.0,Short,1,3.76,0,0
7.24,Rainy,Medium,Evening,Bike,28,6.0,Medium,1,3.87,0,0
19.26,Windy,Medium,Morning,Scooter,21,6.0,Long,0,1.09,0,0
9.39,Windy,Medium,Morning,Scooter,21,9.0,Medium,0,2.24,0,0
8.53,Clear,Low,Evening,Scooter,8,2.0,Medium,1,0.94,0,0
8.59,Clear,Low,Night,Scooter,17,8.0,Medium,0,1.98,0,0
12.41,Clear,Medium,Morning,Car,10,1.0,Long,0,0.81,0,0
13.6,Foggy,High,Evening,Bike,9,7.0,Long,1,0.66,1,1
3.29,Clear,Medium,Afternoon,Scooter,17,4.0,Short,0,5.17,0,0
15.32,Clear,Medium,Morning,Bike,17,6.0,Long,0,1.11,1,0
4.97,Rainy,Low,Evening,Bike,17,9.0,Short,1,3.42,0,0
17.99,Foggy,Low,Morning,Car,11,2.0,Long,0,0.61,0,0
3.69,Rainy,Medium,Afternoon,Bike,8,8.0,Short,0,2.17,0,0
7.17,Clear,Medium,Morning,Scooter,7,9.0,Medium,0,0.98,0,0
18.82,Windy,Low,Morning,Car,5,3.0,Long,0,0.27,0,0
14.29,Windy,Medium,Morning,Bike,14,7.0,Long,0,0.98,1,0
8.67,Windy,High,Morning,Bike,20,4.0,Medium,0,2.31,0,0
3.02,Rainy,Medium,Morning,Bike,23,1.0,Short,0,7.62,0,0
14.83,Rainy,Low,Morning,Car,19,4.0,Long,0,1.28,0,0
18.21,Foggy,Low,Morning,Bike,5,1.0,Long,0,0.27,1,0
8.67,Rainy,High,Afternoon,Bike,12,7.0,Medium,0,1.38,0,1
12.0,Clear,Low,Evening,Car,25,0.0,Medium,1,2.08,0,0
5.47,Rainy,Low,Morning,Car,21,6.0,Medium,0,3.84,0,0
12.81,Clear,Low,Morning,Bike,12,2.0,Long,0,0.94,1,0
19.04,Rainy,Low,Evening,Car,12,6.0,Long,1,0.63,0,0
3.46,Clear,Low,Morning,Bike,24,6.0,Short,0,6.94,0,0
3.51,Windy,Medium,Night,Bike,22,2.0,Short,0,6.27,0,0
17.33,Snowy,Low,Evening,Scooter,12,3.0,Long,1,0.69,0,0
6.43,Clear,Low,Evening,Car,9,7.0,Medium,1,1.4,0,0
11.82,Windy,Medium,Night,Bike,24,7.0,Medium,0,2.03,0,0
18.63,Clear,Low,Evening,Bike,26,8.0,Long,1,1.4,1,0
14.11,Rainy,High,Morning,Scooter,24,3.0,Long,0,1.7,0,1
16.17,Clear,Medium,Evening,Scooter,12,2.0,Long,1,0.74,0,0
18.83,,Medium,Night,Bike,8,0.0,Long,0,0.42,1,0
2.8,Clear,High,Afternoon,Bike,28,1.0,Short,0,10.0,0,0
0.78,Clear,Low,Afternoon,Bike,11,0.0,Short,0,14.1,0,0
8.23,Snowy,Low,Evening,Bike,17,3.0,Medium,1,2.07,0,0
16.35,Foggy,Medium,Night,Bike,16,6.0,Long,0,0.98,1,0
10.16,Clear,High,Night,Bike,12,5.0,Medium,0,1.18,0,0
15.78,Clear,High,Afternoon,Scooter,12,1.0,Long,0,0.76,0,0
14.07,Clear,High,Afternoon,Bike,5,8.0,Long,0,0.36,1,0
19.41,Snowy,High,Evening,Car,21,3.0,Long,1,1.08,0,1
17.49,Rainy,Low,Evening,Bike,27,9.0,Long,1,1.54,1,0
1.98,Rainy,Low,Afternoon,Bike,22,0.0,Short,0,11.11,0,0
4.92,Clear,High,Morning,Scooter,12,0.0,Short,0,2.44,0,0
5.13,Clear,Medium,Morning,Car,16,1.0,Medium,0,3.12,0,0
13.54,Foggy,Low,Morning,Bike,11,1.0,Long,0,0.81,1,0
19.02,Clear,Medium,Afternoon,Bike,29,9.0,Long,0,1.52,1,0
5.67,Clear,Low,Morning,Scooter,11,9.0,Medium,0,1.94,0,0
5.17,Foggy,Low,Morning,Bike,29,0.0,Medium,0,5.61,0,0
13.34,Clear,Medium,Night,Bike,20,6.0,Long,0,1.5,1,0
1.74,Clear,Medium,Night,Bike,23,2.0,Short,0,13.22,0,0
7.84,Rainy,Low,Morning,Scooter,7,8.0,Medium,0,0.89,0,0
10.11,Windy,Low,Morning,Bike,11,4.0,Medium,0,1.09,0,0
16.78,Rainy,Medium,Morning,Bike,22,1.0,Long,0,1.31,1,0
11.31,Clear,High,Evening,Bike,20,0.0,Medium,1,1.77,0,0
17.94,Rainy,High,Evening,Scooter,22,6.0,Long,1,1.23,0,1
17.06,Clear,Low,Evening,Bike,9,9.0,Long,1,0.53,1,0
18.77,Foggy,Low,Afternoon,Car,15,,Long,0,0.8,0,0
2.33,Clear,Low,Evening,Bike,9,2.0,Short,1,3.86,0,0
3.95,Clear,Low,Afternoon,Bike,13,5.0,Short,0,3.29,0,0
19.4,Snowy,,Afternoon,Scooter,23,9.0,Long,0,1.19,0,0
13.32,Windy,Medium,Afternoon,Bike,26,0.0,Long,0,1.95,1,0
6.22,Rainy,Medium,Morning,Bike,15,0.0,Medium,0,2.41,0,0
5.22,Snowy,Medium,,Scooter,14,3.0,Medium,0,2.68,0,0
9.71,Clear,Low,Afternoon,Car,27,5.0,Medium,0,2.78,0,0
3.22,Rainy,Medium,Night,Bike,14,8.0,Short,0,4.35,0,0
11.87,Clear,Medium,Morning,Bike,10,6.0,Medium,0,0.84,0,0
2.11,Clear,Low,Afternoon,Scooter,28,5.0,Short,0,13.27,0,0
13.47,Clear,Medium,Evening,Bike,19,4.0,Long,1,1.41,1,0
7.44,Rainy,Low,Evening,Bike,27,,Medium,1,3.63,0,0
2.41,,Medium,Evening,Bike,15,9.0,Short,1,6.22,0,0
8.37,Clear,High,Evening,Scooter,13,7.0,Medium,1,1.55,0,0
13.42,Rainy,Medium,Evening,Bike,6,6.0,Long,1,0.45,1,0
10.53,Foggy,High,Evening,Bike,25,8.0,Medium,1,2.37,0,1
17.51,Clear,Medium,Evening,Bike,15,3.0,Long,1,0.86,1,0
19.28,Snowy,Medium,Morning,Car,21,3.0,Long,0,1.09,0,0
12.63,Foggy,Medium,Night,Scooter,8,8.0,Long,0,0.63,0,0
1.85,Clear,Medium,Evening,Bike,10,1.0,Short,1,5.41,0,0
5.53,Windy,High,Morning,Bike,23,4.0,Medium,0,4.16,0,0
0.74,Rainy,Low,Morning,Car,13,4.0,Short,0,17.57,0,0
15.09,Snowy,Low,Morning,Car,20,7.0,Long,0,1.33,0,0
10.65,Clear,,Afternoon,Scooter,23,8.0,Medium,0,2.16,0,0
1.38,Clear,Medium,Evening,Scooter,5,8.0,Short,1,3.62,0,0
12.82,Rainy,Medium,Evening,Bike,28,9.0,Long,1,2.18,1,0
16.1,Clear,Low,Evening,Bike,25,0.0,Long,1,1.55,1,0
15.35,Rainy,High,Night,Scooter,23,9.0,Long,0,1.5,0,1
17.8,Snowy,Medium,Morning,Bike,16,9.0,Long,0,0.9,1,0
10.83,Clear,Medium,Evening,Scooter,8,9.0,Medium,1,0.74,0,0
13.04,Clear,Medium,Morning,Scooter,20,6.0,Long,0,1.53,0,0
9.78,Clear,Medium,Afternoon,Bike,18,3.0,Medium,0,1.84,0,0
18.18,Snowy,High,,Bike,17,3.0,Long,0,0.94,1,1
16.0,Foggy,Medium,Afternoon,Scooter,13,3.0,Long,0,0.81,0,0
8.09,Foggy,Low,Evening,Car,22,2.0,Medium,1,2.72,0,0
11.89,Clear,Medium,Afternoon,Bike,28,0.0,Medium,0,2.35,0,0
11.61,Clear,High,Morning,Car,19,1.0,Medium,0,1.64,0,0
1.92,Clear,Low,,Bike,8,7.0,Short,0,4.17,0,0
8.15,Clear,High,Evening,Scooter,12,9.0,Medium,1,1.47,0,0
12.17,Snowy,Low,Evening,Bike,20,8.0,Long,1,1.64,1,0
17.61,Foggy,Medium,Afternoon,Bike,9,5.0,Long,0,0.51,1,0
3.68,,High,Afternoon,Car,16,6.0,Short,0,4.35,0,0
7.99,Clear,Medium,Evening,Bike,18,4.0,Medium,1,2.25,0,0
14.28,Windy,High,Afternoon,Scooter,23,5.0,Long,0,1.61,0,0
4.32,,Medium,Morning,Bike,17,4.0,Short,0,3.94,0,0
1.03,Clear,Medium,Afternoon,Bike,19,4.0,Short,0,18.45,0,0
16.79,Foggy,High,Afternoon,Bike,24,6.0,Long,0,1.43,1,1
6.13,Clear,Medium,Night,Scooter,22,0.0,Medium,0,3.59,0,0
17.91,Clear,Low,Afternoon,Bike,6,7.0,Long,0,0.34,1,0
7.8,Rainy,Medium,Morning,Bike,11,7.0,Medium,0,1.41,0,0
13.82,Clear,Medium,Evening,Bike,21,9.0,Long,1,1.52,1,0
6.54,Clear,Medium,Night,Bike,10,7.0,Medium,0,1.53,0,0
17.13,Rainy,Low,Evening,Car,19,1.0,Long,1,1.11,0,0
19.03,Clear,Low,Morning,Bike,16,5.0,Long,0,0.84,1,0
3.97,Clear,High,Afternoon,Bike,19,8.0,Short,0,4.79,0,0
2.4,Snowy,Low,Night,Scooter,27,5.0,Short,0,11.25,0,0
17.98,Clear,Low,Evening,Bike,5,8.0,Long,1,0.28,1,0
15.88,Rainy,Low,Evening,Car,17,1.0,Long,1,1.07,0,0
5.23,Clear,Medium,Morning,Scooter,23,2.0,Medium,0,4.4,0,0
18.69,Windy,Medium,Night,Bike,23,9.0,Long,0,1.23,1,0
2.51,Clear,Low,Morning,Bike,16,2.0,Short,0,6.37,0,0
12.22,Clear,Low,Evening,Scooter,15,0.0,Long,1,1.23,0,0
7.46,Clear,Medium,Evening,Bike,8,5.0,Medium,1,1.07,0,0
6.84,Clear,Medium,Evening,Bike,25,1.0,Medium,1,3.65,0,0
17.61,Windy,Low,Morning,Bike,5,8.0,Long,0,0.28,1,0
19.41,Foggy,Medium,Morning,Car,7,6.0,Long,0,0.36,0,0
5.74,Rainy,High,Evening,Bike,13,9.0,Medium,1,2.26,0,1
18.65,Foggy,Low,Night,Car,19,2.0,Long,0,1.02,0,0
5.93,Clear,Low,Afternoon,Scooter,19,3.0,Medium,0,3.2,0,0
4.58,Clear,High,Morning,Scooter,22,9.0,Short,0,4.8,0,0
5.03,Clear,Medium,Morning,Bike,17,,Medium,0,3.38,0,0
9.06,Clear,High,Evening,Bike,26,3.0,Medium,1,2.87,0,0
1.41,Foggy,Medium,Evening,Bike,15,0.0,Short,1,10.64,0,0
17.36,Rainy,High,Afternoon,Bike,24,1.0,Long,0,1.38,1,1
13.92,Snowy,Low,Morning,Scooter,18,4.0,Long,0,1.29,0,0
2.88,Rainy,,Morning,Car,16,4.0,Short,0,5.56,0,0
8.27,,High,Afternoon,Scooter,13,5.0,Medium,0,1.57,0,0
2.02,Clear,High,Evening,Bike,28,5.0,Short,1,13.86,0,0
3.88,Snowy,Low,Morning,Bike,9,6.0,Short,0,2.32,0,0
12.01,Clear,Low,Morning,Car,5,7.0,Long,0,0.42,0,0
8.17,Clear,Medium,Afternoon,Scooter,20,9.0,Medium,0,2.45,0,0
19.75,Clear,Medium,Morning,Bike,25,1.0,Long,0,1.27,1,0
11.02,Clear,High,Morning,Scooter,22,2.0,Medium,0,2.0,0,0
10.16,Snowy,Medium,Night,Bike,10,1.0,Medium,0,0.98,0,0
3.63,Windy,Medium,Morning,Car,22,9.0,Short,0,6.06,0,0
7.78,Foggy,High,Afternoon,Bike,25,3.0,Medium,0,3.21,0,1
15.81,Clear,Low,,Car,25,1.0,Long,0,1.58,0,0
4.96,Rainy,High,Morning,Bike,21,0.0,Short,0,4.23,0,1
15.34,Rainy,Low,Afternoon,Bike,18,6.0,Long,0,1.17,1,0
1.81,Clear,Medium,Afternoon,Car,23,3.0,Short,0,12.71,0,0
4.05,Clear,Medium,Evening,Bike,20,,Short,1,4.94,0,0
8.96,Snowy,,Morning,Car,6,5.0,Medium,0,0.67,0,0
1.02,Windy,High,Evening,Bike,6,8.0,Short,1,5.88,0,0
12.74,Rainy,Low,Afternoon,Bike,17,9.0,Long,0,1.33,1,0
1.21,Snowy,Low,Afternoon,Bike,22,1.0,Short,0,18.18,0,0
2.85,Clear,Low,Morning,Scooter,26,0.0,Short,0,9.12,0,0
8.92,Clear,Medium,,Bike,10,1.0,Medium,0,1.12,0,0
2.8,Clear,High,Morning,Scooter,10,,Short,0,3.57,0,0
5.78,Foggy,Low,Afternoon,Scooter,9,9.0,Medium,0,1.56,0,0
8.68,Rainy,Medium,Morning,Bike,8,5.0,Medium,0,0.92,0,0
12.59,Windy,Medium,Morning,Bike,13,9.0,Long,0,1.03,1,0
18.46,Clear,,,Scooter,29,1.0,Long,0,1.57,0,0
8.03,Clear,Low,Evening,Scooter,14,8.0,Medium,1,1.74,0,0
18.95,Snowy,Low,Morning,Car,27,0.0,Long,0,1.42,0,0
2.48,Windy,Medium,Afternoon,Car,14,6.0,Short,0,5.65,0,0
7.86,Windy,Medium,Morning,Car,22,2.0,Medium,0,2.8,0,0
19.81,Snowy,Medium,Afternoon,Car,20,5.0,Long,0,1.01,0,0
4.05,Snowy,Medium,Evening,Scooter,19,2.0,Short,1,4.69,0,0
13.6,Rainy,Medium,Afternoon,Scooter,23,6.0,Long,0,1.69,0,0
18.72,Rainy,Medium,Afternoon,Bike,17,0.0,Long,0,0.91,1,0
6.37,Rainy,Low,Afternoon,Car,29,4.0,Medium,0,4.55,0,0
7.52,,Medium,Afternoon,Car,17,9.0,Medium,0,2.26,0,0
4.86,Foggy,Medium,Evening,Car,25,4.0,Short,1,5.14,0,0
0.89,Rainy,Low,Morning,Car,9,0.0,Short,0,10.11,0,0
14.05,Clear,High,Morning,Scooter,19,0.0,Long,0,1.35,0,0
6.7,Foggy,High,Morning,Scooter,23,3.0,Medium,0,3.43,0,1
16.26,Rainy,High,Morning,Bike,16,6.0,Long,0,0.98,1,1
2.59,Windy,Medium,,Bike,13,5.0,Short,0,5.02,0,0
16.28,Rainy,Low,Morning,Scooter,8,9.0,Long,0,0.49,0,0
19.94,Clear,Low,Afternoon,Bike,26,6.0,Long,0,1.3,1,0
13.61,Clear,Low,Morning,Bike,26,0.0,Long,0,1.91,1,0
14.09,Clear,High,Afternoon,Bike,12,6.0,Long,0,0.85,1,0
18.92,Clear,High,Morning,Scooter,27,4.0,Long,0,1.43,0,0
17.6,Clear,Low,Afternoon,Bike,27,3.0,Long,0,1.53,1,0
12.67,Windy,Medium,Morning,Scooter,7,3.0,Long,0,0.55,0,0
14.27,Clear,Medium,Night,Car,24,3.0,Long,0,1.68,0,0
17.44,Clear,Low,Evening,Bike,25,9.0,Long,1,1.43,1,0
5.24,Windy,High,Afternoon,Scooter,26,8.0,Medium,0,4.96,0,0
10.0,Clear,Medium,Afternoon,Scooter,6,9.0,Medium,0,0.6,0,0
15.08,Snowy,Low,Evening,Bike,29,7.0,Long,1,1.92,1,0
2.68,Clear,Low,Morning,Bike,16,8.0,Short,0,5.97,0,0
2.84,Clear,Low,Evening,Scooter,24,2.0,Short,1,8.45,0,0
7.73,Clear,High,Night,Bike,29,5.0,Medium,0,3.75,0,0
16.05,Snowy,Medium,Evening,Bike,11,2.0,Long,1,0.69,1,0
16.42,Clear,Medium,Evening,Bike,20,2.0,Long,1,1.22,1,0
3.96,Clear,Medium,Afternoon,Bike,23,,Short,0,5.81,0,0
5.78,Clear,High,Morning,Bike,11,5.0,Medium,0,1.9,0,0
9.2,Clear,High,Morning,Scooter,9,9.0,Medium,0,0.98,0,0
17.38,Rainy,Medium,Afternoon,Scooter,11,2.0,Long,0,0.63,0,0
13.52,Clear,Low,Morning,Scooter,27,1.0,Long,0,2.0,0,0
2.47,Windy,Medium,Morning,Bike,27,2.0,Short,0,10.93,0,0
0.75,Clear,Medium,Afternoon,Bike,10,5.0,Short,0,13.33,0,0
10.62,Rainy,Medium,Night,Bike,7,2.0,Medium,0,0.66,0,0
5.79,Windy,Medium,Morning,Bike,26,6.0,Medium,0,4.49,0,0
19.29,Windy,Medium,Evening,Scooter,7,8.0,Long,1,0.36,0,0
8.25,Windy,Medium,Evening,Car,24,4.0,Medium,1,2.91,0,0
11.39,Rainy,High,Evening,Scooter,14,1.0,Medium,1,1.23,0,1
19.93,Snowy,Low,Afternoon,Bike,6,6.0,Long,0,0.3,1,0
13.16,Rainy,High,Morning,Scooter,25,8.0,Long,0,1.9,0,1
10.61,Clear,Medium,Morning,Bike,17,0.0,Medium,0,1.6,0,0
15.94,Clear,Low,Evening,Bike,24,2.0,Long,1,1.51,1,0
13.79,Rainy,Low,Night,Scooter,11,0.0,Long,0,0.8,0,0
12.33,Clear,Medium,Evening,Bike,22,9.0,Long,1,1.78,1,0
4.69,Rainy,Medium,Evening,Scooter,12,7.0,Short,1,2.56,0,0
18.17,Rainy,Low,Afternoon,Car,13,0.0,Long,0,0.72,0,0
10.73,Rainy,High,Afternoon,Car,27,6.0,Medium,0,2.52,0,1
2.84,Clear,Medium,Night,Scooter,28,1.0,Short,0,9.86,0,0
6.24,Snowy,Low,Afternoon,Bike,20,4.0,Medium,0,3.21,0,0
12.65,Rainy,Low,Afternoon,Bike,18,8.0,Long,0,1.42,1,0
2.71,Foggy,Low,Morning,Bike,6,0.0,Short,0,2.21,0,0
12.43,Rainy,High,Morning,Bike,13,6.0,Long,0,1.05,1,1
6.29,,Medium,Morning,Scooter,10,7.0,Medium,0,1.59,0,0
10.13,Clear,Medium,Evening,Bike,22,0.0,Medium,1,2.17,0,0
11.33,,Low,Morning,Bike,25,3.0,Medium,0,2.21,0,0
8.64,Snowy,Low,Evening,Bike,29,4.0,Medium,1,3.36,0,0
12.42,Rainy,Low,Evening,Bike,28,9.0,Long,1,2.25,1,0
15.37,Snowy,Medium,Afternoon,Car,15,5.0,Long,0,0.98,0,0
18.49,Clear,Low,Afternoon,Scooter,14,6.0,Long,0,0.76,0,0
19.66,Clear,Low,Morning,Car,19,6.0,Long,0,0.97,0,0
5.28,Foggy,Low,Morning,Bike,27,6.0,Medium,0,5.11,0,0
10.22,Foggy,Low,Afternoon,Scooter,21,0.0,Medium,0,2.05,0,0
8.77,Foggy,Medium,Evening,Car,14,7.0,Medium,1,1.6,0,0
12.67,Clear,Medium,Evening,Car,10,3.0,Long,1,0.79,0,0
7.82,Rainy,Medium,Evening,Bike,16,8.0,Medium,1,2.05,0,0
18.21,,Low,Evening,Bike,6,3.0,Long,1,0.33,1,0
5.3,Clear,Medium,Afternoon,Scooter,29,3.0,Medium,0,5.47,0,0
19.24,Rainy,High,Afternoon,Bike,9,7.0,Long,0,0.47,1,1
14.07,Clear,Medium,Morning,Bike,16,9.0,Long,0,1.14,1,0
11.58,Clear,Medium,Morning,Scooter,16,2.0,Medium,0,1.38,0,0
17.18,Clear,Medium,Night,Scooter,13,1.0,Long,0,0.76,0,0
7.31,Foggy,Medium,Afternoon,Bike,26,2.0,Medium,0,3.56,0,0
5.01,Rainy,Low,Afternoon,Bike,10,5.0,Medium,0,2.0,0,0
12.74,Clear,Low,Afternoon,Scooter,12,0.0,Long,0,0.94,0,0
18.97,Rainy,High,Night,Bike,20,8.0,Long,0,1.05,1,1
13.08,Rainy,Low,Morning,Car,16,4.0,Long,0,1.22,0,0
16.29,Clear,Low,Morning,Bike,20,1.0,Long,0,1.23,1,0
19.04,Clear,Medium,Morning,Scooter,27,2.0,Long,0,1.42,0,0
9.74,Rainy,Medium,Evening,Scooter,7,8.0,Medium,1,0.72,0,0
14.66,Windy,Medium,,Bike,20,2.0,Long,0,1.36,1,0
9.88,Rainy,Medium,Morning,Car,7,0.0,Medium,0,0.71,0,0
9.32,Clear,Low,Morning,Scooter,6,5.0,Medium,0,0.64,0,0
16.1,Clear,Low,Morning,Car,16,6.0,Long,0,0.99,0,0
18.34,Snowy,Medium,Afternoon,Scooter,22,,Long,0,1.2,0,0
17.61,Clear,Medium,Evening,Scooter,21,9.0,Long,1,1.19,0,0
3.86,Clear,Medium,Afternoon,Bike,21,8.0,Short,0,5.44,0,0
8.83,,Medium,Evening,Scooter,12,3.0,Medium,1,1.36,0,0
10.1,Clear,High,Morning,Car,17,6.0,Medium,0,1.68,0,0
3.85,Rainy,Medium,Afternoon,Bike,26,3.0,Short,0,6.75,0,0
3.47,Snowy,High,Night,Bike,24,9.0,Short,0,6.92,0,1
1.3,Foggy,Low,Evening,Bike,19,5.0,Short,1,14.62,0,0
15.98,Foggy,Low,Morning,Car,21,6.0,Long,0,1.31,0,0
0.64,Clear,High,Night,Bike,10,3.0,Short,0,15.62,0,0
7.25,Clear,Medium,Afternoon,Scooter,18,4.0,Medium,0,2.48,0,0
19.27,Foggy,High,Afternoon,Bike,14,6.0,Long,0,0.73,1,1
7.3,Clear,Low,Night,Scooter,14,7.0,Medium,0,1.92,0,0
6.72,Foggy,Low,Evening,Bike,8,5.0,Medium,1,1.19,0,0
3.12,Rainy,Low,Evening,Scooter,14,5.0,Short,1,4.49,0,0
2.99,Windy,Medium,Morning,Bike,27,5.0,Short,0,9.03,0,0
12.85,Rainy,Medium,Morning,Scooter,14,8.0,Long,0,1.09,0,0
11.22,Windy,High,Evening,Bike,25,5.0,Medium,1,2.23,0,0
14.95,Clear,Medium,Morning,Bike,13,7.0,Long,0,0.87,1,0
15.56,Rainy,Low,Afternoon,Scooter,28,0.0,Long,0,1.8,0,0
9.51,Clear,High,Morning,Bike,26,9.0,Medium,0,2.73,0,0
4.17,,Low,Evening,Scooter,5,1.0,Short,1,1.2,0,0
17.59,Clear,Low,Morning,Bike,24,6.0,Long,0,1.36,1,0
9.39,Clear,Low,Morning,Bike,14,2.0,Medium,0,1.49,0,0
16.38,Clear,Medium,Morning,Bike,6,2.0,Long,0,0.37,1,0
16.73,Windy,High,Afternoon,Scooter,9,7.0,Long,0,0.54,0,0
0.86,Clear,Medium,Afternoon,Car,21,7.0,Short,0,24.42,0,0
